<?xml version="1.0" encoding="UTF-8"?>

<rage__fwuiSystemSettingsCollection>
  <version value="37" />
  <configSource>kSettingsConfig_Auto</configSource>
  <graphics>
    <tessellation>kSettingLevel_Ultra</tessellation>
    <shadowQuality>kSettingLevel_High</shadowQuality>
    <farShadowQuality>kSettingLevel_High</farShadowQuality>
    <reflectionQuality>kSettingLevel_High</reflectionQuality>
    <mirrorQuality>kSettingLevel_Ultra</mirrorQuality>
    <ssao>kSettingLevel_Low</ssao>
    <textureQuality>kSettingLevel_Ultra</textureQuality>
    <particleQuality>kSettingLevel_Ultra</particleQuality>
    <waterQuality>kSettingLevel_Custom</waterQuality>
    <volumetricsQuality>kSettingLevel_Ultra</volumetricsQuality>
    <lightingQuality>kSettingLevel_High</lightingQuality>
    <ambientLightingQuality>kSettingLevel_High</ambientLightingQuality>
    <anisotropicFiltering value="4" />
    <dlssIndex value="0" />
    <dlssQuality value="5" />
    <dlssSharpen value="0.350000" />
    <fsr2Index value="1" />
    <fsr2Sharpen value="0.350000" />
    <taa>kSettingLevel_High</taa>
    <fxaaEnabled value="false" />
    <msaa value="0" />
    <graphicsQualityPreset value="1.000000" />
    <hdr value="true" />
    <hdrIntensity value="100" />
    <hdrPeakBrightness value="1000" />
    <hdrFilmicMode value="true" />
    <gamma value="15" />
    <hdrSettingsMigrated value="true" />
  </graphics>
  <advancedGraphics>
    <API>kSettingAPI_DX12</API>
    <locked value="false" />
    <asyncComputeEnabled value="false" />
    <transferQueuesEnabled value="true" />
    <shadowSoftShadows>kSettingLevel_Ultra</shadowSoftShadows>
    <motionBlur value="false" />
    <motionBlurLimit value="16.000000" />
    <particleLightingQuality>kSettingLevel_Ultra</particleLightingQuality>
    <waterReflectionSSR value="true" />
    <waterRefractionQuality>kSettingLevel_High</waterRefractionQuality>
    <waterReflectionQuality>kSettingLevel_High</waterReflectionQuality>
    <waterSimulationQuality value="3" />
    <waterLightingQuality>kSettingLevel_Ultra</waterLightingQuality>
    <furDisplayQuality>kSettingLevel_High</furDisplayQuality>
    <maxTexUpgradesPerFrame value="5" />
    <shadowGrassShadows>kSettingLevel_High</shadowGrassShadows>
    <shadowParticleShadows value="true" />
    <shadowLongShadows value="true" />
    <directionalShadowsAlpha value="false" />
    <worldHeightShadowQuality value="0.660000" />
    <directionalScreenSpaceShadowQuality value="0.660000" />
    <ambientMaskVolumesHighPrecision value="true" />
    <scatteringVolumeQuality>kSettingLevel_Ultra</scatteringVolumeQuality>
    <volumetricsRaymarchQuality>kSettingLevel_Ultra</volumetricsRaymarchQuality>
    <volumetricsLightingQuality>kSettingLevel_Ultra</volumetricsLightingQuality>
    <volumetricsRaymarchResolutionUnclamped value="false" />
    <terrainShadowQuality>kSettingLevel_High</terrainShadowQuality>
    <damageModelsDisabled value="false" />
    <decalQuality>kSettingLevel_High</decalQuality>
    <ssaoFullScreenEnabled value="false" />
    <ssaoType value="0" />
    <ssdoSampleCount value="4" />
    <ssdoUseDualRadii value="false" />
    <ssdoResolution>kSettingLevel_Low</ssdoResolution>
    <ssdoTAABlendEnabled value="true" />
    <ssroSampleCount value="2" />
    <snowGlints value="true" />
    <POMQuality>kSettingLevel_Ultra</POMQuality>
    <probeRelightEveryFrame value="false" />
    <scalingMode>kSettingScale_Mode1o1</scalingMode>
    <reflectionMSAA value="0" />
    <lodScale value="1.000000" />
    <grassLod value="3.000000" />
    <pedLodBias value="0.000000" />
    <vehicleLodBias value="0.000000" />
    <sharpenIntensity value="1.000000" />
    <treeQuality>kSettingLevel_Ultra</treeQuality>
    <deepsurfaceQuality>kSettingLevel_High</deepsurfaceQuality>
    <treeTessellationEnabled value="false" />
  </advancedGraphics>
  <video>
    <adapterIndex value="0" />
    <outputIndex value="0" />
    <resolutionIndex value="13" />
    <screenWidth value="2560" />
    <screenHeight value="1440" />
    <resolutionIndexWindowed value="13" />
    <screenWidthWindowed value="2560" />
    <screenHeightWindowed value="1440" />
    <refreshRateIndex value="3" />
    <refreshRateNumerator value="165" />
    <refreshRateDenominator value="1" />
    <windowed value="2" />
    <vSync value="1" />
    <tripleBuffered value="true" />
    <ReflexSettings>kSettingReflex_Off</ReflexSettings>
    <pauseOnFocusLoss value="false" />
    <constrainMousePointer value="false" />
  </video>
  <videoCardDescription>AMD Radeon RX 6700 XT</videoCardDescription>
</rage__fwuiSystemSettingsCollection>